rank,class_name,sample_count,cumulative_fraction
1,thin,16,0.001335559265442404
2,cool,16,0.002671118530884808
3,before,16,0.004006677796327212
4,go,15,0.005258764607679466
5,drink,15,0.00651085141903172
6,help,14,0.007679465776293823
7,who,14,0.008848080133555926
8,computer,14,0.01001669449081803
9,cousin,14,0.011185308848080134
10,accident,13,0.012270450751252087
11,thanksgiving,13,0.01335559265442404
12,trade,13,0.014440734557595994
13,bed,13,0.015525876460767947
14,candy,13,0.0166110183639399
15,tall,13,0.017696160267111852
16,bowling,13,0.018781302170283808
17,short,13,0.01986644407345576
18,last,12,0.020868113522537562
19,call,12,0.021869782971619366
20,later,12,0.02287145242070117
21,what,12,0.023873121869782972
22,basketball,12,0.024874791318864775
23,change,12,0.02587646076794658
24,man,12,0.02687813021702838
25,corn,12,0.027879799666110185
26,shirt,12,0.028881469115191988
27,dark,12,0.02988313856427379
28,pizza,12,0.030884808013355594
29,yes,12,0.0318864774624374
30,cold,12,0.0328881469115192
31,why,11,0.03380634390651085
32,mother,11,0.0347245409015025
33,apple,11,0.03564273789649416
34,letter,11,0.03656093489148581
35,dog,11,0.03747913188647746
36,example,11,0.038397328881469114
37,check,11,0.03931552587646077
38,environment,11,0.040233722871452424
39,take,11,0.04115191986644407
40,deaf,11,0.042070116861435726
41,delay,11,0.04298831385642738
42,room,11,0.04390651085141903
43,no,11,0.04482470784641068
44,thursday,11,0.04574290484140234
45,family,11,0.04666110183639399
46,far,11,0.04757929883138564
47,bar,11,0.048497495826377295
48,champion,11,0.04941569282136895
49,leave,11,0.050333889816360604
50,laugh,11,0.05125208681135225
51,walk,11,0.052170283806343906
52,play,11,0.05308848080133556
53,soon,11,0.054006677796327215
54,brother,11,0.05492487479131886
55,woman,11,0.05584307178631052
56,score,11,0.05676126878130217
57,move,10,0.05759599332220367
58,write,10,0.05843071786310518
59,full,10,0.05926544240400668
60,convince,10,0.06010016694490818
61,doctor,10,0.06093489148580968
62,white,10,0.06176961602671119
63,theory,10,0.06260434056761269
64,cheat,10,0.06343906510851419
65,fish,10,0.0642737896494157
66,good,10,0.0651085141903172
67,ready,10,0.0659432387312187
68,give,10,0.0667779632721202
69,study,10,0.0676126878130217
70,appointment,10,0.06844741235392321
71,like,10,0.06928213689482471
72,many,10,0.07011686143572621
73,silly,10,0.0709515859766277
74,argue,10,0.07178631051752922
75,work,10,0.07262103505843072
76,sandwich,10,0.07345575959933222
77,black,10,0.07429048414023372
78,snow,10,0.07512520868113523
79,hot,10,0.07595993322203673
80,order,10,0.07679465776293823
81,language,10,0.07762938230383973
82,orange,10,0.07846410684474124
83,perspective,10,0.07929883138564274
84,son,10,0.08013355592654424
85,daughter,10,0.08096828046744574
86,interest,10,0.08180300500834725
87,fat,10,0.08263772954924875
88,secretary,10,0.08347245409015025
89,speech,10,0.08430717863105175
90,sweet,10,0.08514190317195326
91,tell,10,0.08597662771285476
92,bad,10,0.08681135225375626
93,graduate,10,0.08764607679465776
94,government,10,0.08848080133555926
95,wait,10,0.08931552587646077
96,cry,10,0.09015025041736227
97,balance,10,0.09098497495826377
98,bird,10,0.09181969949916527
99,because,10,0.09265442404006678
100,blanket,10,0.09348914858096828
101,yesterday,10,0.09432387312186978
102,delicious,10,0.09515859766277128
103,year,10,0.09599332220367279
104,toast,10,0.09682804674457429
105,hair,9,0.09757929883138565
106,country,9,0.098330550918197
107,animal,9,0.09908180300500835
108,same,9,0.0998330550918197
109,minute,9,0.10058430717863105
110,wow,9,0.10133555926544241
111,correct,9,0.10208681135225375
112,girl,9,0.10283806343906511
113,near,9,0.10358931552587645
114,necklace,9,0.10434056761268781
115,list,9,0.10509181969949917
116,upset,9,0.10584307178631051
117,future,9,0.10659432387312187
118,great,9,0.10734557595993323
119,follow,9,0.10809682804674457
120,right,9,0.10884808013355593
121,australia,9,0.10959933222036727
122,football,9,0.11035058430717863
123,glasses,9,0.11110183639398999
124,child,9,0.11185308848080133
125,lose,9,0.11260434056761269
126,finish,9,0.11335559265442403
127,form,9,0.11410684474123539
128,sign,9,0.11485809682804675
129,make,9,0.11560934891485809
130,meet,9,0.11636060100166945
131,alone,9,0.11711185308848081
132,visit,9,0.11786310517529215
133,chat,9,0.11861435726210351
134,class,9,0.11936560934891485
135,first,9,0.12011686143572621
136,today,9,0.12086811352253757
137,city,9,0.12161936560934891
138,africa,9,0.12237061769616027
139,barely,9,0.12312186978297161
140,banana,9,0.12387312186978297
141,beard,9,0.12462437395659433
142,point,9,0.12537562604340569
143,practice,9,0.12612687813021703
144,cow,9,0.12687813021702837
145,hear,9,0.12762938230383974
146,dive,9,0.1283806343906511
147,town,9,0.12913188647746243
148,train,9,0.1298831385642738
149,kiss,9,0.13063439065108515
150,headache,9,0.1313856427378965
151,want,9,0.13213689482470783
152,careful,9,0.1328881469115192
153,cat,9,0.13363939899833055
154,carrot,9,0.1343906510851419
155,now,9,0.13514190317195326
156,catch,9,0.1358931552587646
157,pull,9,0.13664440734557595
158,wet,9,0.13739565943238732
159,big,9,0.13814691151919867
160,dirty,9,0.13889816360601
161,hat,9,0.13964941569282138
162,baby,9,0.14040066777963273
163,drop,9,0.14115191986644407
164,dry,9,0.1419031719532554
165,voice,9,0.14265442404006679
166,vomit,9,0.14340567612687813
167,new,9,0.14415692821368947
168,stay,9,0.14490818030050084
169,crash,9,0.1456594323873122
170,ugly,9,0.14641068447412353
171,week,9,0.1471619365609349
172,weekend,9,0.14791318864774625
173,grammar,9,0.1486644407345576
174,balloon,9,0.14941569282136896
175,ball,9,0.1501669449081803
176,halloween,9,0.15091819699499165
177,pink,9,0.151669449081803
178,buy,9,0.15242070116861436
179,improve,9,0.1531719532554257
180,president,9,0.15392320534223705
181,decide,9,0.15467445742904842
182,can,9,0.15542570951585977
183,problem,9,0.1561769616026711
184,california,9,0.15692821368948248
185,office,9,0.15767946577629383
186,how,9,0.15843071786310517
187,decorate,9,0.15918196994991654
188,hope,9,0.15993322203672788
189,outside,9,0.16068447412353923
190,shock,9,0.16143572621035057
191,inform,9,0.16218697829716194
192,day,9,0.1629382303839733
193,party,9,0.16368948247078463
194,water,9,0.164440734557596
195,past,9,0.16519198664440735
196,travel,9,0.1659432387312187
197,school,9,0.16669449081803006
198,fault,9,0.1674457429048414
199,show,9,0.16819699499165275
200,fast,9,0.16894824707846412
201,add,9,0.16969949916527546
202,ago,9,0.1704507512520868
203,tiger,9,0.17120200333889815
204,fine,9,0.17195325542570952
205,time,8,0.1726210350584307
206,face,8,0.17328881469115193
207,find,8,0.17395659432387311
208,scared,8,0.17462437395659433
209,secret,8,0.17529215358931552
210,again,8,0.17595993322203674
211,accept,8,0.17662771285475792
212,expensive,8,0.17729549248747914
213,farm,8,0.17796327212020033
214,allow,8,0.17863105175292154
215,shine,8,0.17929883138564273
216,you,8,0.17996661101836395
217,dessert,8,0.18063439065108514
218,idea,8,0.18130217028380635
219,dentist,8,0.18196994991652754
220,demand,8,0.18263772954924876
221,special,8,0.18330550918196994
222,paper,8,0.18397328881469116
223,tease,8,0.18464106844741235
224,different,8,0.18530884808013356
225,teacher,8,0.18597662771285475
226,boy,8,0.18664440734557597
227,wednesday,8,0.18731218697829716
228,weather,8,0.18797996661101837
229,important,8,0.18864774624373956
230,deep,8,0.18931552587646078
231,develop,8,0.18998330550918197
232,watch,8,0.19065108514190318
233,brown,8,0.19131886477462437
234,one,8,0.19198664440734559
235,pants,8,0.19265442404006677
236,overwhelm,8,0.193322203672788
237,bring,8,0.19398998330550918
238,cake,8,0.1946577629382304
239,cafeteria,8,0.19532554257095158
240,spray,8,0.1959933222036728
241,spin,8,0.196661101836394
242,internet,8,0.1973288814691152
243,presentation,8,0.1979966611018364
244,present,8,0.1986644407345576
245,possible,8,0.1993322203672788
246,bitter,8,0.2
247,bottom,8,0.2006677796327212
248,bother,8,0.20133555926544242
249,history,8,0.2020033388981636
250,humble,8,0.20267111853088482
251,join,8,0.203338898163606
252,jealous,8,0.20400667779632722
253,cancel,8,0.2046744574290484
254,onion,8,0.20534223706176963
255,beer,8,0.20601001669449082
256,police,8,0.20667779632721203
257,potato,8,0.20734557595993322
258,boat,8,0.20801335559265444
259,blue,8,0.20868113522537562
260,blind,8,0.20934891485809684
261,postpone,8,0.21001669449081803
262,small,8,0.21068447412353924
263,slow,8,0.21135225375626043
264,her,8,0.21202003338898165
265,helicopter,8,0.21268781302170284
266,transfer,8,0.21335559265442405
267,discuss,8,0.21402337228714524
268,heart,8,0.21469115191986646
269,hearing,8,0.21535893155258765
270,soft,8,0.21602671118530886
271,know,8,0.21669449081803005
272,cut,8,0.21736227045075127
273,learn,8,0.21803005008347245
274,card,8,0.21869782971619364
275,disconnect,8,0.21936560934891486
276,down,8,0.22003338898163605
277,dollar,8,0.22070116861435726
278,happy,8,0.22136894824707845
279,purple,8,0.22203672787979967
280,west,8,0.22270450751252086
281,smart,8,0.22337228714524207
282,late,8,0.22404006677796326
283,underwear,8,0.22470784641068448
284,sunset,8,0.22537562604340566
285,sunday,8,0.22604340567612688
286,vote,8,0.22671118530884807
287,dress,8,0.22737896494156928
288,rabbit,8,0.22804674457429047
289,bark,8,0.2287145242070117
290,when,8,0.22938230383973288
291,temperature,8,0.2300500834724541
292,ear,8,0.23071786310517528
293,backpack,8,0.2313856427378965
294,awful,8,0.23205342237061768
295,group,8,0.2327212020033389
296,test,8,0.2333889816360601
297,tent,8,0.2340567612687813
298,copy,8,0.2347245409015025
299,cop,8,0.2353923205342237
300,cookie,8,0.2360601001669449
301,cook,8,0.2367278797996661
302,lemon,8,0.2373956594323873
303,music,8,0.23806343906510852
304,tomato,8,0.2387312186978297
305,sky,8,0.23939899833055092
306,wind,8,0.2400667779632721
307,wife,8,0.24073455759599333
308,escape,8,0.24140233722871451
309,enjoy,8,0.24207011686143573
310,fly,8,0.24273789649415692
311,arrive,8,0.24340567612687813
312,with,8,0.24407345575959932
313,rob,8,0.24474123539232054
314,ride,8,0.24540901502504173
315,front,8,0.24607679465776294
316,east,8,0.24674457429048413
317,cereal,8,0.24741235392320535
318,more,8,0.24808013355592654
319,christmas,8,0.24874791318864775
320,light,8,0.24941569282136894
321,student,8,0.2500834724540901
322,exchange,8,0.25075125208681137
323,since,8,0.25141903171953256
324,approve,8,0.25208681135225375
325,sick,8,0.25275459098497494
326,strong,8,0.2534223706176962
327,match,8,0.25409015025041737
328,strawberry,8,0.25475792988313856
329,choose,8,0.25542570951585974
330,choice,8,0.256093489148581
331,cloud,8,0.2567612687813022
332,straight,8,0.25742904841402336
333,stink,8,0.25809682804674455
334,analyze,8,0.2587646076794658
335,already,8,0.259432387312187
336,save,8,0.2601001669449082
337,salt,8,0.26076794657762936
338,allergy,8,0.2614357262103506
339,all,8,0.2621035058430718
340,sad,8,0.262771285475793
341,russia,8,0.26343906510851417
342,scissors,8,0.2641068447412354
343,thirsty,8,0.2647746243739566
344,medicine,8,0.2654424040066778
345,close,8,0.266110183639399
346,come here,8,0.2667779632721202
347,color,8,0.2674457429048414
348,meat,8,0.2681135225375626
349,mean,8,0.2687813021702838
350,miss,8,0.26944908180300503
351,mirror,8,0.2701168614357262
352,stress,8,0.2707846410684474
353,yellow,8,0.2714524207011686
354,wrong,8,0.27212020033388984
355,word,8,0.272787979966611
356,a lot,7,0.2733722871452421
357,airplane,7,0.27395659432387315
358,adult,7,0.27454090150250415
359,also,7,0.2751252086811352
360,saturday,7,0.2757095158597663
361,appear,7,0.27629382303839733
362,answer,7,0.2768781302170284
363,angry,7,0.27746243739565946
364,angel,7,0.27804674457429046
365,fight,7,0.2786310517529215
366,feel,7,0.2792153589315526
367,three,7,0.27979966611018364
368,third,7,0.2803839732888147
369,think,7,0.28096828046744576
370,flexible,7,0.28155258764607677
371,evidence,7,0.28213689482470783
372,event,7,0.2827212020033389
373,retire,7,0.28330550918196995
374,result,7,0.283889816360601
375,contribute,7,0.28447412353923207
376,contact,7,0.28505843071786313
377,stubborn,7,0.28564273789649414
378,struggle,7,0.2862270450751252
379,structure,7,0.28681135225375626
380,math,7,0.2873956594323873
381,marry,7,0.2879799666110184
382,march,7,0.28856427378964944
383,conflict,7,0.28914858096828044
384,complex,7,0.2897328881469115
385,compare,7,0.29031719532554257
386,memorize,7,0.2909015025041736
387,straw,7,0.2914858096828047
388,christian,7,0.29207011686143575
389,chop,7,0.29265442404006675
390,coffee,7,0.2932387312186978
391,none,7,0.2938230383973289
392,most,7,0.29440734557595993
393,moon,7,0.294991652754591
394,month,7,0.29557595993322205
395,cheese,7,0.2961602671118531
396,cheap,7,0.2967445742904841
397,clean,7,0.2973288814691152
398,monkey,7,0.29791318864774624
399,mom,7,0.2984974958263773
400,must,7,0.29908180300500836
401,linguistics,7,0.2996661101836394
402,limit,7,0.3002504173622704
403,lucky,7,0.3008347245409015
404,love,7,0.30141903171953255
405,sugar,7,0.3020033388981636
406,violin,7,0.30258764607679467
407,steal,7,0.30317195325542573
408,volunteer,7,0.30375626043405674
409,character,7,0.3043405676126878
410,stare,7,0.30492487479131886
411,lie,7,0.3055091819699499
412,lettuce,7,0.306093489148581
413,lobster,7,0.30667779632721204
414,listen,7,0.3072621035058431
415,motorcycle,7,0.3078464106844741
416,neighbor,7,0.30843071786310516
417,negative,7,0.3090150250417362
418,napkin,7,0.3095993322203673
419,chair,7,0.31018363939899835
420,chain,7,0.3107679465776294
421,center,7,0.3113522537562604
422,children,7,0.31193656093489147
423,car,7,0.31252086811352253
424,caption,7,0.3131051752921536
425,war,7,0.31368948247078465
426,not,7,0.3142737896494157
427,north,7,0.3148580968280467
428,old,7,0.3154424040066778
429,surgery,7,0.31602671118530884
430,up,7,0.3166110183639399
431,until,7,0.31719532554257096
432,university,7,0.317779632721202
433,understand,7,0.3183639398998331
434,crazy,7,0.3189482470784641
435,summer,7,0.31953255425709515
436,niece,7,0.3201168614357262
437,never,7,0.32070116861435727
438,nervous,7,0.32128547579298833
439,canada,7,0.3218697829716194
440,calm,7,0.3224540901502504
441,obsess,7,0.32303839732888145
442,opinion,7,0.3236227045075125
443,open,7,0.3242070116861436
444,kitchen,7,0.32479131886477464
445,king,7,0.3253756260434057
446,dance,7,0.3259599332220367
447,dad,7,0.32654424040066776
448,cute,7,0.3271285475792988
449,lecture,7,0.3277128547579299
450,lead,7,0.32829716193656094
451,law,7,0.328881469115192
452,star,7,0.32946577629382306
453,carry,7,0.33005008347245407
454,care,7,0.33063439065108513
455,south,7,0.3312186978297162
456,paint,7,0.33180300500834725
457,calculate,7,0.3323873121869783
458,but,7,0.3329716193656094
459,business,7,0.3335559265442404
460,spirit,7,0.33414023372287144
461,invest,7,0.3347245409015025
462,japan,7,0.33530884808013356
463,jacket,7,0.3358931552587646
464,kill,7,0.3364774624373957
465,turkey,7,0.3370617696160267
466,tuesday,7,0.33764607679465775
467,swallow,7,0.3382303839732888
468,large,7,0.33881469115191987
469,ok,7,0.3393989983305509
470,off,7,0.339983305509182
471,destroy,7,0.34056761268781305
472,desert,7,0.34115191986644405
473,describe,7,0.3417362270450751
474,depend,7,0.3423205342237062
475,ice cream,7,0.34290484140233723
476,husband,7,0.3434891485809683
477,information,7,0.34407345575959936
478,independent,7,0.34465776293823036
479,iran,7,0.3452420701168614
480,pay,7,0.3458263772954925
481,patient,7,0.34641068447412354
482,pass,7,0.3469949916527546
483,perfect,7,0.34757929883138566
484,pepper,7,0.34816360601001667
485,peaceful,7,0.34874791318864773
486,brush,7,0.3493322203672788
487,sour,7,0.34991652754590985
488,sound,7,0.3505008347245409
489,sorry,7,0.35108514190317197
490,bread,7,0.35166944908180303
491,bracelet,7,0.35225375626043404
492,wedding,7,0.3528380634390651
493,weak,7,0.35342237061769616
494,we,7,0.3540066777963272
495,person,7,0.3545909849749583
496,plus,7,0.35517529215358934
497,teach,7,0.35575959933222034
498,tea,7,0.3563439065108514
499,talk,7,0.35692821368948247
500,take turns,7,0.3575125208681135
501,in,7,0.3580968280467446
502,deer,7,0.35868113522537565
503,belt,7,0.35926544240400665
504,please,7,0.3598497495826377
505,plan,7,0.3604340567612688
506,pillow,7,0.36101836393989983
507,pig,7,0.3616026711185309
508,box,7,0.36218697829716195
509,bottle,7,0.362771285475793
510,boss,7,0.363355592654424
511,bored,7,0.3639398998330551
512,highway,7,0.36452420701168614
513,hurry,7,0.3651085141903172
514,house,7,0.36569282136894826
515,hour,7,0.3662771285475793
516,hospital,7,0.3668614357262103
517,dinosaur,7,0.3674457429048414
518,dinner,7,0.36803005008347245
519,belief,7,0.3686143572621035
520,beginning,7,0.36919866444073457
521,translate,7,0.36978297161936563
522,dissolve,7,0.37036727879799664
523,discover,7,0.3709515859766277
524,home,7,0.37153589315525876
525,prepare,7,0.3721202003338898
526,some,7,0.3727045075125209
527,soap,7,0.37328881469115194
528,project,7,0.373873121869783
529,professional,7,0.374457429048414
530,procrastinate,7,0.37504173622704506
531,private,7,0.3756260434056761
532,beautiful,7,0.3762103505843072
533,power,7,0.37679465776293825
534,benefit,7,0.3773789649415693
535,rain,7,0.3779632721202003
536,raccoon,7,0.37854757929883137
537,bear,7,0.37913188647746243
538,bathroom,7,0.3797161936560935
539,bath,7,0.38030050083472455
540,where,7,0.3808848080133556
541,drawer,7,0.3814691151919866
542,hawaii,7,0.3820534223706177
543,disappear,7,0.38263772954924874
544,door,7,0.3832220367278798
545,doll,7,0.38380634390651086
546,herself,7,0.3843906510851419
547,here,7,0.384974958263773
548,snake,7,0.385559265442404
549,smile,7,0.38614357262103505
550,believe,7,0.3867278797996661
551,bald,7,0.38731218697829717
552,bake,7,0.38789649415692823
553,bacon,7,0.3884808013355593
554,back,7,0.3890651085141903
555,awkward,7,0.38964941569282135
556,quit,7,0.3902337228714524
557,quiet,7,0.3908180300500835
558,quick,7,0.39140233722871454
559,red,7,0.3919866444073456
560,recent,7,0.3925709515859766
561,reason,7,0.39315525876460766
562,guitar,7,0.3937395659432387
563,guilty,7,0.3943238731218698
564,document,7,0.39490818030050084
565,drunk,7,0.3954924874791319
566,drive,7,0.39607679465776297
567,remove,7,0.39666110183639397
568,remember,7,0.39724540901502503
569,religion,7,0.3978297161936561
570,rehearse,7,0.39841402337228715
571,win,7,0.3989983305509182
572,avoid,7,0.3995826377295493
573,autumn,7,0.4001669449081803
574,educate,7,0.40075125208681134
575,glass,7,0.4013355592654424
576,green,7,0.40191986644407346
577,greece,7,0.4025041736227045
578,grapes,7,0.4030884808013356
579,grandmother,7,0.4036727879799666
580,grandfather,7,0.40425709515859765
581,eagle,7,0.4048414023372287
582,tournament,7,0.40542570951585977
583,eat,7,0.4060100166944908
584,easter,7,0.4065943238731219
585,encourage,7,0.40717863105175295
586,themselves,7,0.40776293823038395
587,thank you,7,0.408347245409015
588,giraffe,7,0.4089315525876461
589,get,7,0.40951585976627713
590,geography,7,0.4101001669449082
591,golf,7,0.41068447412353926
592,god,7,0.41126878130217026
593,goal,7,0.4118530884808013
594,topic,7,0.4124373956594324
595,tomorrow,7,0.41302170283806344
596,egypt,7,0.4136060100166945
597,egg,7,0.41419031719532556
598,really,7,0.41477462437395657
599,respect,7,0.41535893155258763
600,research,7,0.4159432387312187
601,attitude,7,0.41652754590984975
602,ask,7,0.4171118530884808
603,asia,7,0.41769616026711187
604,art,7,0.41828046744574293
605,represent,7,0.41886477462437394
606,rise,7,0.419449081803005
607,review,7,0.42003338898163606
608,friend,7,0.4206176961602671
609,freeze,7,0.4212020033388982
610,fox,7,0.42178631051752924
611,gas,7,0.42237061769616024
612,function,7,0.4229549248747913
613,fun,7,0.42353923205342237
614,fruit,7,0.4241235392320534
615,run,7,0.4247078464106845
616,rough,7,0.42529215358931555
617,sister,7,0.42587646076794655
618,arm,7,0.4264607679465776
619,area,7,0.4270450751252087
620,forget,7,0.42762938230383973
621,forest,7,0.4282136894824708
622,food,7,0.42879799666110185
623,elephant,7,0.4293823038397329
624,europe,7,0.4299666110183639
625,flower,7,0.430550918196995
626,from,7,0.43113522537562604
627,frog,7,0.4317195325542571
628,friendly,7,0.43230383973288816
629,aunt,7,0.4328881469115192
630,restaurant,7,0.4334724540901502
631,service,7,0.4340567612687813
632,about,7,0.43464106844741235
633,fancy,7,0.4352253756260434
634,to,7,0.43580968280467447
635,tired,7,0.43639398998330553
636,tie,7,0.43697829716193654
637,throw,7,0.4375626043405676
638,explain,7,0.43814691151919866
639,finally,7,0.4387312186978297
640,science,7,0.4393155258764608
641,sentence,7,0.43989983305509184
642,sell,7,0.4404841402337229
643,age,7,0.4410684474123539
644,afternoon,7,0.44165275459098496
645,after,7,0.442237061769616
646,always,7,0.4428213689482471
647,cochlear implant,7,0.44340567612687815
648,strange,7,0.4439899833055092
649,story,7,0.4445742904841402
650,store,7,0.44515859766277127
651,stomach,7,0.44574290484140233
652,comfortable,7,0.4463272120200334
653,college,7,0.44691151919866445
654,measure,7,0.4474958263772955
655,middle,7,0.4480801335559265
656,microwave,7,0.4486644407345576
657,without,7,0.44924874791318864
658,expert,7,0.4498330550918197
659,experience,7,0.45041736227045076
660,father,7,0.4510016694490818
661,share,7,0.4515859766277129
662,shape,7,0.4521702838063439
663,worse,6,0.4526711185308848
664,actor,6,0.4531719532554257
665,adapt,6,0.45367278797996663
666,adopt,6,0.4541736227045075
667,affect,6,0.45467445742904844
668,shrimp,6,0.4551752921535893
669,shy,6,0.4556761268781302
670,serious,6,0.4561769616026711
671,seven,6,0.456677796327212
672,eye,6,0.45717863105175294
673,fact,6,0.4576794657762938
674,ticket,6,0.45818030050083475
675,tissue,6,0.4586811352253756
676,fake,6,0.4591819699499165
677,famous,6,0.45968280467445743
678,expect,6,0.4601836393989983
679,experiment,6,0.46068447412353924
680,across,6,0.4611853088480801
681,thing,6,0.46168614357262105
682,thousand,6,0.46218697829716193
683,feed,6,0.46268781302170287
684,feedback,6,0.46318864774624374
685,fence,6,0.4636894824707846
686,fail,6,0.46419031719532555
687,she,6,0.46469115191986643
688,america,6,0.46519198664440736
689,second,6,0.46569282136894824
690,seem,6,0.4661936560934892
691,senate,6,0.46669449081803005
692,senior,6,0.4671953255425709
693,separate,6,0.46769616026711186
694,say,6,0.46819699499165274
695,scotland,6,0.46869782971619367
696,screwdriver,6,0.46919866444073455
697,sculpture,6,0.4696994991652755
698,salad,6,0.47020033388981636
699,angle,6,0.47070116861435723
700,together,6,0.47120200333889817
701,exact,6,0.47170283806343904
702,excited,6,0.47220367278798
703,flag,6,0.47270450751252086
704,flirt,6,0.4732053422370618
705,floor,6,0.47370617696160267
706,there,6,0.4742070116861436
707,apartment,6,0.4747078464106845
708,apostrophe,6,0.47520868113522535
709,silver,6,0.4757095158597663
710,similar,6,0.47621035058430716
711,arrest,6,0.4767111853088481
712,single,6,0.477212020033389
713,siren,6,0.4777128547579299
714,rock,6,0.4782136894824708
715,equal,6,0.47871452420701166
716,elevator,6,0.4792153589315526
717,forever,6,0.47971619365609347
718,fishing,6,0.4802170283806344
719,fix,6,0.4807178631051753
720,rude,6,0.4812186978297162
721,rule,6,0.4817195325542571
722,revenge,6,0.482220367278798
723,rich,6,0.4827212020033389
724,require,6,0.4832220367278798
725,window,6,0.4837228714524207
726,winter,6,0.4842237061769616
727,arrogant,6,0.4847245409015025
728,attention,6,0.4852253756260434
729,attract,6,0.48572621035058433
730,responsibility,6,0.4862270450751252
731,rest,6,0.4867278797996661
732,sit,6,0.487228714524207
733,situation,6,0.4877295492487479
734,six,6,0.48823038397328883
735,sixteen,6,0.4887312186978297
736,game,6,0.48923205342237064
737,france,6,0.4897328881469115
738,french fries,6,0.4902337228714524
739,friday,6,0.4907345575959933
740,flute,6,0.4912353923205342
741,fold,6,0.49173622704507514
742,sketch,6,0.492237061769616
743,skin,6,0.49273789649415695
744,skinny,6,0.4932387312186978
745,skirt,6,0.49373956594323876
746,while,6,0.49424040066777963
747,wide,6,0.4947412353923205
748,willing,6,0.49524207011686144
749,relief,6,0.4957429048414023
750,email,6,0.49624373956594325
751,embarrass,6,0.49674457429048413
752,emotion,6,0.49724540901502506
753,end,6,0.49774624373956594
754,energy,6,0.4982470784641068
755,easy,6,0.49874791318864775
756,therapy,6,0.49924874791318863
757,recover,6,0.49974958263772956
758,refuse,6,0.5002504173622705
759,quote,6,0.5007512520868114
760,away,6,0.5012520868113522
761,gossip,6,0.5017529215358931
762,gather,6,0.502253756260434
763,general,6,0.502754590984975
764,germany,6,0.5032554257095159
765,get up,6,0.5037562604340567
766,ghost,6,0.5042570951585976
767,text,6,0.5047579298831386
768,thailand,6,0.5052587646076795
769,audience,6,0.5057595993322204
770,august,6,0.5062604340567612
771,which,6,0.5067612687813021
772,baseball,6,0.5072621035058431
773,basement,6,0.507762938230384
774,race,6,0.5082637729549249
775,radio,6,0.5087646076794657
776,rat,6,0.5092654424040067
777,read,6,0.5097662771285476
778,slave,6,0.5102671118530885
779,sleep,6,0.5107679465776294
780,slip,6,0.5112687813021702
781,gray,6,0.5117696160267112
782,give up,6,0.5122704507512521
783,eight,6,0.512771285475793
784,eighteen,6,0.5132721202003339
785,tooth,6,0.5137729549248747
786,top,6,0.5142737896494157
787,goat,6,0.5147746243739566
788,bell,6,0.5152754590984975
789,weight,6,0.5157762938230384
790,whale,6,0.5162771285475793
791,snob,6,0.5167779632721202
792,punish,6,0.5172787979966611
793,purpose,6,0.517779632721202
794,push,6,0.5182804674457429
795,put,6,0.5187813021702838
796,gum,6,0.5192821368948247
797,tough,6,0.5197829716193656
798,due,6,0.5202838063439065
799,dull,6,0.5207846410684475
800,early,6,0.5212854757929883
801,earn,6,0.5217863105175292
802,earring,6,0.5222871452420701
803,earth,6,0.522787979966611
804,puzzled,6,0.523288814691152
805,queen,6,0.5237896494156928
806,proof,6,0.5242904841402337
807,protect,6,0.5247913188647746
808,provide,6,0.5252921535893156
809,psychology,6,0.5257929883138565
810,publish,6,0.5262938230383973
811,television,6,0.5267946577629382
812,temple,6,0.5272954924874791
813,tender,6,0.5277963272120201
814,draw,6,0.528297161936561
815,dream,6,0.5287979966611018
816,duck,6,0.5292988313856427
817,divorce,6,0.5297996661101836
818,tennis,6,0.5303005008347246
819,terrible,6,0.5308013355592655
820,grow,6,0.5313021702838063
821,guess,6,0.5318030050083472
822,print,6,0.5323038397328882
823,printer,6,0.5328046744574291
824,bet,6,0.53330550918197
825,between,6,0.5338063439065108
826,bicycle,6,0.5343071786310517
827,biology,6,0.5348080133555927
828,bedroom,6,0.5353088480801336
829,bee,6,0.5358096828046744
830,prison,6,0.5363105175292153
831,program,6,0.5368113522537563
832,don't want,6,0.5373121869782972
833,dorm,6,0.5378130217028381
834,double,6,0.538313856427379
835,doubt,6,0.5388146911519198
836,have,6,0.5393155258764608
837,head,6,0.5398163606010017
838,health,6,0.5403171953255426
839,telephone,6,0.5408180300500834
840,socks,6,0.5413188647746243
841,soda,6,0.5418196994991653
842,solid,6,0.5423205342237062
843,predict,6,0.5428213689482471
844,price,6,0.5433222036727879
845,blame,6,0.5438230383973289
846,divide,6,0.5443238731218698
847,traffic,6,0.5448247078464107
848,high,6,0.5453255425709516
849,hamburger,6,0.5458263772954924
850,hammer,6,0.5463272120200334
851,happen,6,0.5468280467445743
852,hard,6,0.5473288814691152
853,bless,6,0.5478297161936561
854,body,6,0.548330550918197
855,below,6,0.5488313856427379
856,pound,6,0.5493322203672788
857,pray,6,0.5498330550918197
858,precipitation,6,0.5503338898163606
859,hungry,6,0.5508347245409015
860,hit,6,0.5513355592654424
861,honor,6,0.5518363939899833
862,disgust,6,0.5523372287145242
863,pocket,6,0.5528380634390652
864,breathe,6,0.553338898163606
865,book,6,0.5538397328881469
866,borrow,6,0.5543405676126878
867,both,6,0.5548414023372287
868,bowl,6,0.5553422370617697
869,birth,6,0.5558430717863105
870,birthday,6,0.5563439065108514
871,bite,6,0.5568447412353923
872,policy,6,0.5573455759599332
873,polite,6,0.5578464106844742
874,politics,6,0.558347245409015
875,taste,6,0.5588480801335559
876,tree,6,0.5593489148580968
877,triangle,6,0.5598497495826378
878,diamond,6,0.5603505843071787
879,diaper,6,0.5608514190317195
880,diarrhea,6,0.5613522537562604
881,dictionary,6,0.5618530884808013
882,team,6,0.5623539232053423
883,poor,6,0.5628547579298832
884,popular,6,0.563355592654424
885,philosophy,6,0.5638564273789649
886,phrase,6,0.5643572621035059
887,physician,6,0.5648580968280468
888,physics,6,0.5653589315525877
889,if,6,0.5658597662771285
890,desk,6,0.5663606010016694
891,deduct,6,0.5668614357262104
892,impossible,6,0.5673622704507513
893,tale,6,0.5678631051752921
894,wear,6,0.568363939899833
895,brag,6,0.5688647746243739
896,picture,6,0.5693656093489149
897,sore throat,6,0.5698664440734558
898,soup,6,0.5703672787979966
899,south america,6,0.5708681135225375
900,spain,6,0.5713689482470785
901,build,6,0.5718697829716194
902,building,6,0.5723706176961603
903,bully,6,0.5728714524207011
904,wash,6,0.573372287145242
905,peach,6,0.573873121869783
906,degree,6,0.5743739565943239
907,demonstrate,6,0.5748747913188648
908,deodorant,6,0.5753756260434056
909,dangerous,6,0.5758764607679466
910,inside,6,0.5763772954924875
911,people,6,0.5768781302170284
912,parade,6,0.5773789649415693
913,path,6,0.5778797996661101
914,specific,6,0.5783806343906511
915,spell,6,0.578881469115192
916,spider,6,0.5793823038397329
917,butter,6,0.5798831385642738
918,bright,6,0.5803839732888146
919,spring,6,0.5808848080133556
920,sprint,6,0.5813856427378965
921,over,6,0.5818864774624374
922,jesus,6,0.5823873121869783
923,jewelry,6,0.5828881469115192
924,insurance,6,0.5833889816360601
925,interesting,6,0.583889816360601
926,introduce,6,0.5843906510851419
927,investigate,6,0.5848914858096828
928,infection,6,0.5853923205342237
929,influence,6,0.5858931552587646
930,only,6,0.5863939899833055
931,operate,6,0.5868948247078464
932,candle,6,0.5873956594323874
933,cannot,6,0.5878964941569282
934,bush,6,0.5883973288814691
935,offer,6,0.58889816360601
936,often,6,0.5893989983305509
937,noon,6,0.5898998330550919
938,nose,6,0.5904006677796327
939,nothing,6,0.5909015025041736
940,symbol,6,0.5914023372287145
941,jump,6,0.5919031719532555
942,keep,6,0.5924040066777964
943,key,6,0.5929048414023372
944,keyboard,6,0.5934056761268781
945,island,6,0.593906510851419
946,notice,6,0.59440734557596
947,nurse,6,0.5949081803005009
948,squirrel,6,0.5954090150250417
949,stadium,6,0.5959098497495826
950,stairs,6,0.5964106844741235
951,challenge,6,0.5969115191986645
952,wallet,6,0.5974123539232054
953,steel,6,0.5979131886477462
954,network,6,0.5984140233722871
955,neutral,6,0.5989148580968281
956,nice,6,0.599415692821369
957,truck,6,0.5999165275459099
958,trust,6,0.6004173622704507
959,try,6,0.6009181969949916
960,sweetheart,6,0.6014190317195326
961,swimming,6,0.6019198664440735
962,switzerland,6,0.6024207011686143
963,nineteen,6,0.6029215358931552
964,chemistry,6,0.6034223706176962
965,chocolate,6,0.6039232053422371
966,cause,6,0.604424040066778
967,ceiling,6,0.6049248747913188
968,celebrate,6,0.6054257095158597
969,cemetery,6,0.6059265442404007
970,cent,6,0.6064273789649416
971,certificate,6,0.6069282136894825
972,my,6,0.6074290484140233
973,myself,6,0.6079298831385642
974,name,6,0.6084307178631052
975,neck,6,0.6089315525876461
976,cup,6,0.609432387312187
977,curious,6,0.6099332220367278
978,curriculum,6,0.6104340567612688
979,curse,6,0.6109348914858097
980,crab,6,0.6114357262103506
981,cracker,6,0.6119365609348915
982,knife,6,0.6124373956594323
983,label,6,0.6129382303839733
984,land,6,0.6134390651085142
985,laptop,6,0.6139398998330551
986,suspect,6,0.614440734557596
987,sweater,6,0.614941569282137
988,umbrella,6,0.6154424040066778
989,uncle,6,0.6159432387312187
990,unique,6,0.6164440734557596
991,surprise,6,0.6169449081803005
992,last year,6,0.6174457429048414
993,lazy,6,0.6179465776293823
994,leaf,6,0.6184474123539232
995,two,6,0.6189482470784641
996,need,6,0.6194490818030051
997,nephew,6,0.6199499165275459
998,much,6,0.6204507512520868
999,multiply,6,0.6209515859766277
1000,monday,6,0.6214524207011686
1001,money,6,0.6219532554257096
1002,cost,6,0.6224540901502504
1003,cough,6,0.6229549248747913
1004,count,6,0.6234557595993322
1005,lesson,6,0.6239565943238731
1006,lift,6,0.6244574290484141
1007,sun,6,0.6249582637729549
1008,support,6,0.6254590984974958
1009,surface,6,0.6259599332220367
1010,church,6,0.6264607679465777
1011,chase,6,0.6269616026711186
1012,morning,6,0.6274624373956594
1013,motivate,6,0.6279632721202003
1014,coach,6,0.6284641068447412
1015,choir,6,0.6289649415692822
1016,street,6,0.629465776293823
1017,mix,6,0.6299666110183639
1018,comb,6,0.6304674457429048
1019,come,6,0.6309682804674458
1020,loud,6,0.6314691151919867
1021,lousy,6,0.6319699499165276
1022,lunch,6,0.6324707846410684
1023,machine,6,0.6329716193656093
1024,lightning,6,0.6334724540901503
1025,line,6,0.6339732888146912
1026,live,6,0.634474123539232
1027,lend,6,0.6349749582637729
1028,lesbian,6,0.6354757929883138
1029,community,6,0.6359766277128548
1030,clever,6,0.6364774624373957
1031,mechanic,6,0.6369782971619365
1032,meeting,6,0.6374791318864774
1033,mexico,6,0.6379799666110184
1034,constitution,6,0.6384808013355593
1035,continue,6,0.6389816360601002
1036,vacation,6,0.639482470784641
1037,very,6,0.6399833055091819
1038,suggest,6,0.6404841402337229
1039,lock,6,0.6409849749582638
1040,lonely,6,0.6414858096828047
1041,vocabulary,6,0.6419866444073455
1042,complain,6,0.6424874791318865
1043,compromise,6,0.6429883138564274
1044,confront,6,0.6434891485809683
1045,confused,6,0.6439899833055092
1046,maximum,6,0.64449081803005
1047,maybe,6,0.644991652754591
1048,strict,6,0.6454924874791319
1049,subtract,6,0.6459933222036728
1050,congress,6,0.6464941569282137
1051,worm,6,0.6469949916527545
1052,your,6,0.6474958263772955
1053,shoes,6,0.6479966611018364
1054,shop,6,0.6484974958263773
1055,should,6,0.6489983305509182
1056,agreement,6,0.6494991652754591
1057,action,6,0.65
1058,wrap,6,0.6505008347245409
1059,wristwatch,6,0.6510016694490818
1060,witness,6,0.6515025041736227
1061,wolf,6,0.6520033388981636
1062,wonderful,6,0.6525041736227045
1063,wood,6,0.6530050083472454
1064,world,6,0.6535058430717863
1065,alarm,5,0.653923205342237
1066,workshop,5,0.6543405676126878
1067,worker,5,0.6547579298831385
1068,wonder,5,0.6551752921535893
1069,within,5,0.65559265442404
1070,afraid,5,0.6560100166944908
1071,worthless,5,0.6564273789649415
1072,activity,5,0.6568447412353923
1073,active,5,0.657262103505843
1074,aim,5,0.6576794657762938
1075,aid,5,0.6580968280467445
1076,agree,5,0.6585141903171954
1077,shoot,5,0.6589315525876461
1078,yourself,5,0.6593489148580969
1079,young,5,0.6597662771285476
1080,thick,5,0.6601836393989984
1081,thrill,5,0.6606010016694491
1082,throat,5,0.6610183639398999
1083,through,5,0.6614357262103506
1084,favorite,5,0.6618530884808014
1085,fear,5,0.6622704507512521
1086,few,5,0.6626878130217029
1087,final,5,0.6631051752921536
1088,faculty,5,0.6635225375626044
1089,shampoo,5,0.6639398998330551
1090,sheep,5,0.6643572621035059
1091,shelf,5,0.6647746243739566
1092,alligator,5,0.6651919866444074
1093,almost,5,0.6656093489148581
1094,amazing,5,0.6660267111853089
1095,amputate,5,0.6664440734557596
1096,left,5,0.6668614357262104
1097,less,5,0.6672787979966611
1098,use,5,0.6676961602671119
1099,common sense,5,0.6681135225375626
1100,climb,5,0.6685308848080134
1101,clock,5,0.6689482470784641
1102,melody,5,0.6693656093489149
1103,member,5,0.6697829716193656
1104,message,5,0.6702003338898164
1105,magic,5,0.6706176961602671
1106,mainstream,5,0.6710350584307179
1107,major,5,0.6714524207011686
1108,manage,5,0.6718697829716194
1109,manager,5,0.6722871452420701
1110,connect,5,0.6727045075125209
1111,construct,5,0.6731218697829716
1112,clown,5,0.6735392320534224
1113,clueless,5,0.6739565943238731
1114,clumsy,5,0.6743739565943239
1115,coat,5,0.6747913188647746
1116,coconut,5,0.6752086811352254
1117,microphone,5,0.6756260434056761
1118,milk,5,0.6760434056761269
1119,mind,5,0.6764607679465776
1120,command,5,0.6768781302170284
1121,comment,5,0.6772954924874791
1122,committee,5,0.6777128547579299
1123,common,5,0.6781302170283806
1124,long,5,0.6785475792988314
1125,mad,5,0.6789649415692821
1126,magazine,5,0.6793823038397329
1127,lion,5,0.6797996661101836
1128,counsel,5,0.6802170283806344
1129,liability,5,0.6806343906510851
1130,library,5,0.6810517529215359
1131,summon,5,0.6814691151919866
1132,sunshine,5,0.6818864774624374
1133,sure,5,0.6823038397328881
1134,cigarette,5,0.6827212020033389
1135,circle,5,0.6831385642737896
1136,classroom,5,0.6835559265442404
1137,clear,5,0.6839732888146911
1138,chemical,5,0.6843906510851419
1139,sticky,5,0.6848080133555926
1140,still,5,0.6852253756260434
1141,stop,5,0.6856427378964941
1142,closet,5,0.6860601001669449
1143,clothes,5,0.6864774624373957
1144,lawyer,5,0.6868948247078465
1145,leader,5,0.6873121869782972
1146,leak,5,0.687729549248748
1147,type,5,0.6881469115191987
1148,motor,5,0.6885642737896495
1149,mountain,5,0.6889816360601002
1150,mouse,5,0.689398998330551
1151,mouth,5,0.6898163606010017
1152,movie,5,0.6902337228714525
1153,muscle,5,0.6906510851419032
1154,museum,5,0.691068447412354
1155,mushroom,5,0.6914858096828047
1156,mustache,5,0.6919031719532555
1157,monster,5,0.6923205342237062
1158,corner,5,0.692737896494157
1159,couch,5,0.6931552587646077
1160,truth,5,0.6935726210350585
1161,turtle,5,0.6939899833055092
1162,tutor,5,0.69440734557596
1163,twin,5,0.6948247078464107
1164,swimsuit,5,0.6952420701168615
1165,cherry,5,0.6956594323873122
1166,chicken,5,0.696076794657763
1167,nation,5,0.6964941569282137
1168,daily,5,0.6969115191986645
1169,cover,5,0.6973288814691152
1170,lady,5,0.697746243739566
1171,last week,5,0.6981636060100167
1172,crave,5,0.6985809682804675
1173,cross,5,0.6989983305509182
1174,under,5,0.699415692821369
1175,united states,5,0.6998330550918197
1176,stamp,5,0.7002504173622704
1177,stand,5,0.7006677796327212
1178,standard,5,0.701085141903172
1179,chance,5,0.7015025041736227
1180,chapter,5,0.7019198664440734
1181,volleyball,5,0.7023372287145242
1182,wake up,5,0.702754590984975
1183,wall,5,0.7031719532554257
1184,next,5,0.7035893155258764
1185,night,5,0.7040066777963272
1186,nine,5,0.704424040066778
1187,death,5,0.7048414023372287
1188,december,5,0.7052587646076794
1189,decrease,5,0.7056761268781302
1190,trouble,5,0.7060934891485809
1191,true,5,0.7065108514190317
1192,kid,5,0.7069282136894824
1193,kindergarten,5,0.7073455759599332
1194,israel,5,0.7077629382303839
1195,italy,5,0.7081803005008347
1196,jail,5,0.7085976627712854
1197,january,5,0.7090150250417362
1198,wander,5,0.7094323873121869
1199,warm,5,0.7098497495826377
1200,carnival,5,0.7102671118530884
1201,category,5,0.7106844741235392
1202,catholic,5,0.7111018363939899
1203,november,5,0.7115191986644407
1204,number,5,0.7119365609348914
1205,numerous,5,0.7123539232053422
1206,nut,5,0.7127712854757929
1207,staff,5,0.7131886477462437
1208,obtain,5,0.7136060100166944
1209,calculus,5,0.7140233722871453
1210,camera,5,0.714440734557596
1211,camp,5,0.7148580968280468
1212,camping,5,0.7152754590984975
1213,candidate,5,0.7156928213689483
1214,bus,5,0.716110183639399
1215,ocean,5,0.7165275459098498
1216,october,5,0.7169449081803005
1217,octopus,5,0.7173622704507513
1218,odor,5,0.717779632721202
1219,normal,5,0.7181969949916528
1220,joy,5,0.7186143572621035
1221,judge,5,0.7190317195325543
1222,june,5,0.719449081803005
1223,kick,5,0.7198664440734558
1224,interpreter,5,0.7202838063439065
1225,interrupt,5,0.7207011686143573
1226,interview,5,0.721118530884808
1227,invite,5,0.7215358931552588
1228,involve,5,0.7219532554257095
1229,increase,5,0.7223706176961603
1230,owl,5,0.722787979966611
1231,pack,5,0.7232053422370618
1232,page,5,0.7236227045075125
1233,pain,5,0.7240400667779633
1234,painter,5,0.724457429048414
1235,on,5,0.7248747913188648
1236,once,5,0.7252921535893155
1237,opposite,5,0.7257095158597663
1238,organize,5,0.726126878130217
1239,other,5,0.7265442404006678
1240,pause,5,0.7269616026711185
1241,speed,5,0.7273789649415693
1242,busy,5,0.72779632721202
1243,butterfly,5,0.7282136894824708
1244,button,5,0.7286310517529215
1245,bye,5,0.7290484140233723
1246,cabinet,5,0.729465776293823
1247,calculator,5,0.7298831385642738
1248,brief,5,0.7303005008347245
1249,square,5,0.7307178631051753
1250,out,5,0.731135225375626
1251,overcome,5,0.7315525876460768
1252,overlook,5,0.7319699499165275
1253,owe,5,0.7323873121869783
1254,jewish,5,0.732804674457429
1255,joke,5,0.7332220367278798
1256,date,5,0.7336393989983305
1257,dead,5,0.7340567612687813
1258,insect,5,0.734474123539232
1259,inspect,5,0.7348914858096828
1260,inspire,5,0.7353088480801335
1261,instead,5,0.7357262103505843
1262,institute,5,0.736143572621035
1263,hurt,5,0.7365609348914858
1264,identify,5,0.7369782971619365
1265,peanut butter,5,0.7373956594323873
1266,pencil,5,0.737813021702838
1267,pennsylvania,5,0.7382303839732888
1268,perfume,5,0.7386477462437395
1269,period,5,0.7390651085141903
1270,paragraph,5,0.739482470784641
1271,parallel,5,0.7398998330550918
1272,pick,5,0.7403171953255425
1273,pie,5,0.7407345575959933
1274,sometimes,5,0.741151919866444
1275,song,5,0.7415692821368948
1276,soul,5,0.7419866444073456
1277,broke,5,0.7424040066777964
1278,buffalo,5,0.7428213689482471
1279,bull,5,0.7432387312186979
1280,warn,5,0.7436560934891486
1281,washington,5,0.7440734557595994
1282,waste,5,0.7444908180300501
1283,waterfall,5,0.7449081803005009
1284,spanish,5,0.7453255425709516
1285,speak,5,0.7457429048414024
1286,deny,5,0.7461602671118531
1287,danger,5,0.7465776293823039
1288,illegal,5,0.7469949916527546
1289,image,5,0.7474123539232054
1290,dirt,5,0.7478297161936561
1291,deposit,5,0.7482470784641069
1292,depressed,5,0.7486644407345576
1293,design,5,0.7490818030050084
1294,diabetes,5,0.7494991652754591
1295,defend,5,0.7499165275459099
1296,impact,5,0.7503338898163606
1297,table,5,0.7507512520868114
1298,watermelon,5,0.7511686143572621
1299,way,5,0.7515859766277129
1300,boyfriend,5,0.7520033388981636
1301,brave,5,0.7524207011686144
1302,break,5,0.7528380634390651
1303,breakfast,5,0.7532554257095159
1304,dig,5,0.7536727879799666
1305,dime,5,0.7540901502504174
1306,dining room,5,0.7545075125208681
1307,diploma,5,0.7549248747913189
1308,technology,5,0.7553422370617696
1309,positive,5,0.7557595993322204
1310,pity,5,0.7561769616026711
1311,place,5,0.7565943238731219
1312,plant,5,0.7570116861435726
1313,plate,5,0.7574290484140234
1314,plenty,5,0.7578464106844741
1315,pet,5,0.7582637729549249
1316,phone,5,0.7586811352253756
1317,photographer,5,0.7590984974958264
1318,piano,5,0.7595158597662771
1319,ignore,5,0.7599332220367279
1320,hunt,5,0.7603505843071786
1321,hurricane,5,0.7607679465776294
1322,hockey,5,0.7611853088480801
1323,hold,5,0.7616026711185309
1324,holy,5,0.7620200333889816
1325,homework,5,0.7624373956594324
1326,honest,5,0.7628547579298831
1327,honey,5,0.7632721202003339
1328,hearing aid,5,0.7636894824707846
1329,pneumonia,5,0.7641068447412354
1330,polar bear,5,0.7645242070116861
1331,policeman,5,0.7649415692821369
1332,poop,5,0.7653589315525876
1333,tan,5,0.7657762938230384
1334,trip,5,0.7661936560934891
1335,trophy,5,0.7666110183639399
1336,heavy,5,0.7670283806343906
1337,helmet,5,0.7674457429048414
1338,hide,5,0.7678631051752921
1339,blend,5,0.7682804674457429
1340,blood,5,0.7686978297161936
1341,blow,5,0.7691151919866444
1342,berry,5,0.7695325542570952
1343,beside,5,0.769949916527546
1344,potential,5,0.7703672787979967
1345,pour,5,0.7707846410684475
1346,praise,5,0.7712020033388982
1347,preach,5,0.771619365609349
1348,precious,5,0.7720367278797997
1349,host,5,0.7724540901502505
1350,hot dog,5,0.7728714524207012
1351,hug,5,0.773288814691152
1352,snowman,5,0.7737061769616027
1353,soccer,5,0.7741235392320535
1354,society,5,0.7745409015025042
1355,someday,5,0.774958263772955
1356,pregnant,5,0.7753756260434057
1357,pressure,5,0.7757929883138565
1358,pretty,5,0.7762103505843072
1359,prevent,5,0.776627712854758
1360,pride,5,0.7770450751252087
1361,priest,5,0.7774624373956595
1362,disturb,5,0.7778797996661102
1363,towel,5,0.778297161936561
1364,tradition,5,0.7787145242070117
1365,tranquil,5,0.7791318864774625
1366,heart attack,5,0.7795492487479132
1367,heaven,5,0.779966611018364
1368,testify,5,0.7803839732888147
1369,guide,5,0.7808013355592655
1370,principal,5,0.7812186978297162
1371,principle,5,0.781636060100167
1372,best,5,0.7820534223706177
1373,better,5,0.7824707846410685
1374,become,5,0.7828881469115192
1375,professor,5,0.78330550918197
1376,dolphin,5,0.7837228714524207
1377,done,5,0.7841402337228714
1378,dormitory,5,0.7845575959933222
1379,disagree,5,0.784974958263773
1380,discipline,5,0.7853923205342237
1381,hard of hearing,5,0.7858096828046744
1382,heap,5,0.7862270450751252
1383,telescope,5,0.786644407345576
1384,during,5,0.7870617696160267
1385,dusk,5,0.7874791318864774
1386,duty,5,0.7878964941569282
1387,graduation,5,0.788313856427379
1388,put off,5,0.7887312186978297
1389,quality,5,0.7891485809682804
1390,quarter,5,0.7895659432387312
1391,question,5,0.7899833055091819
1392,promise,5,0.7904006677796327
1393,proud,5,0.7908180300500834
1394,prove,5,0.7912353923205342
1395,public,5,0.7916527545909849
1396,pumpkin,5,0.7920701168614357
1397,ten,5,0.7924874791318864
1398,drama,5,0.7929048414023372
1399,drum,5,0.7933222036727879
1400,tongue,5,0.7937395659432387
1401,tonight,5,0.7941569282136894
1402,toothbrush,5,0.7945742904841402
1403,gone,5,0.7949916527545909
1404,beg,5,0.7954090150250417
1405,behavior,5,0.7958263772954924
1406,behind,5,0.7962437395659432
1407,weird,5,0.7966611018363939
1408,welcome,5,0.7970784641068447
1409,smell,5,0.7974958263772955
1410,smooth,5,0.7979131886477463
1411,snack,5,0.798330550918197
1412,half,5,0.7987479131886478
1413,tornado,5,0.7991652754590985
1414,total,5,0.7995826377295493
1415,touch,5,0.8
1416,gorilla,5,0.8004173622704508
1417,geometry,5,0.8008347245409015
1418,german,5,0.8012520868113523
1419,girlfriend,5,0.801669449081803
1420,thankful,5,0.8020868113522538
1421,their,5,0.8025041736227045
1422,them,5,0.8029215358931553
1423,baptize,5,0.803338898163606
1424,rainbow,5,0.8037562604340568
1425,rake,5,0.8041736227045075
1426,sleepy,5,0.8045909849749583
1427,grass,5,0.805008347245409
1428,grateful,5,0.8054257095158598
1429,education,5,0.8058430717863105
1430,electrician,5,0.8062604340567613
1431,electricity,5,0.806677796327212
1432,earthquake,5,0.8070951585976628
1433,economy,5,0.8075125208681135
1434,funeral,5,0.8079298831385643
1435,rely,5,0.808347245409015
1436,remote control,5,0.8087646076794658
1437,rent,5,0.8091819699499165
1438,repeat,5,0.8095993322203673
1439,replace,5,0.810016694490818
1440,receive,5,0.8104340567612688
1441,recognize,5,0.8108514190317195
1442,reduce,5,0.8112687813021703
1443,refer,5,0.811686143572621
1444,referee,5,0.8121035058430718
1445,background,5,0.8125208681135225
1446,auction,5,0.8129382303839733
1447,goodbye,5,0.813355592654424
1448,enormous,5,0.8137729549248748
1449,enough,5,0.8141903171953255
1450,authority,5,0.8146076794657763
1451,average,5,0.815025041736227
1452,awake,5,0.8154424040066778
1453,skunk,5,0.8158597662771285
1454,reject,5,0.8162771285475793
1455,relate,5,0.81669449081803
1456,relationship,5,0.8171118530884808
1457,release,5,0.8175292153589315
1458,theme,5,0.8179465776293823
1459,then,5,0.818363939899833
1460,empty,5,0.8187813021702838
1461,engage,5,0.8191986644407345
1462,engine,5,0.8196160267111853
1463,engineer,5,0.820033388981636
1464,wine,5,0.8204507512520868
1465,artist,5,0.8208681135225375
1466,assist,5,0.8212854757929883
1467,assistant,5,0.821702838063439
1468,attend,5,0.8221202003338898
1469,resign,5,0.8225375626043405
1470,size,5,0.8229549248747913
1471,skeleton,5,0.823372287145242
1472,funny,5,0.8237896494156928
1473,gamble,5,0.8242070116861435
1474,former,5,0.8246243739565943
1475,four,5,0.8250417362270451
1476,fourth,5,0.8254590984974959
1477,french,5,0.8258764607679466
1478,from now on,5,0.8262938230383974
1479,english,5,0.8267111853088481
1480,establish,5,0.8271285475792989
1481,eternity,5,0.8275459098497496
1482,evaluate,5,0.8279632721202004
1483,fool,5,0.8283806343906511
1484,for,5,0.8287979966611019
1485,forgive,5,0.8292153589315526
1486,firefighter,5,0.8296327212020034
1487,five,5,0.8300500834724541
1488,roommate,5,0.8304674457429049
1489,rooster,5,0.8308848080133556
1490,rose,5,0.8313021702838064
1491,rubber,5,0.8317195325542571
1492,reveal,5,0.8321368948247079
1493,ring,5,0.8325542570951586
1494,river,5,0.8329716193656094
1495,reputation,5,0.8333889816360601
1496,simple,5,0.8338063439065109
1497,appetite,5,0.8342237061769616
1498,appreciate,5,0.8346410684474124
1499,approach,5,0.8350584307178631
1500,appropriate,5,0.8354757929883139
1501,april,5,0.8358931552587646
1502,archery,5,0.8363105175292154
1503,army,5,0.8367278797996661
1504,around,5,0.8371452420701169
1505,and,5,0.8375626043405676
1506,sing,5,0.8379799666110184
1507,robber,5,0.8383973288814691
1508,role,5,0.8388146911519199
1509,enter,5,0.8392320534223706
1510,erase,5,0.8396494156928214
1511,eraser,5,0.8400667779632721
1512,exaggerate,5,0.8404841402337229
1513,except,5,0.8409015025041736
1514,exercise,5,0.8413188647746244
1515,england,5,0.8417362270450751
1516,thermometer,5,0.8421535893155259
1517,anniversary,5,0.8425709515859766
1518,announce,5,0.8429883138564274
1519,another,5,0.8434056761268781
1520,any,5,0.8438230383973289
1521,apart,5,0.8442404006677796
1522,all day,5,0.8446577629382304
1523,salary,5,0.8450751252086811
1524,satisfy,5,0.8454924874791319
1525,side,5,0.8459098497495826
1526,sign language,5,0.8463272120200334
1527,silent,5,0.8467445742904841
1528,against,5,0.8471619365609349
1529,search,5,0.8475792988313856
1530,see,5,0.8479966611018364
1531,selfish,5,0.8484140233722871
1532,send,5,0.8488313856427379
1533,sensitive,5,0.8492487479131886
1534,september,5,0.8496661101836394
1535,schedule,5,0.8500834724540901
1536,scientist,5,0.8505008347245409
1537,sea,5,0.8509181969949916
1538,rush,5,0.8513355592654424
1539,safe,5,0.8517529215358931
1540,toilet,5,0.8521702838063439
1541,every,5,0.8525876460767946
1542,every monday,5,0.8530050083472455
1543,every tuesday,5,0.8534223706176962
1544,above,5,0.853839732888147
1545,algebra,5,0.8542570951585977
1546,admire,5,0.8546744574290485
1547,admit,5,0.8550918196994992
1548,shower,5,0.85550918196995
1549,sequence,5,0.8559265442404007
1550,serve,5,0.8563439065108515
1551,shame,5,0.8567612687813022
1552,eyes,5,0.857178631051753
1553,title,5,0.8575959933222037
1554,fall in love,5,0.8580133555926545
1555,accent,5,0.8584307178631052
1556,accomplish,5,0.858848080133556
1557,accountant,5,0.8592654424040067
1558,act,5,0.8596828046744575
1559,they,5,0.8601001669449082
1560,control,5,0.860517529215359
1561,conversation,5,0.8609348914858097
1562,vampire,5,0.8613522537562605
1563,vegetable,5,0.8617696160267112
1564,viewpoint,5,0.862186978297162
1565,subway,5,0.8626043405676127
1566,suffer,5,0.8630217028380635
1567,visitor,5,0.8634390651085142
1568,visualize,5,0.863856427378965
1569,commute,5,0.8642737896494157
1570,complete,5,0.8646911519198665
1571,concern,5,0.8651085141903172
1572,stupid,5,0.865525876460768
1573,abdomen,5,0.8659432387312187
1574,able,5,0.8663606010016695
1575,worry,5,0.8667779632721202
1576,adverb,4,0.8671118530884808
1577,a,4,0.8674457429048414
1578,advantage,4,0.867779632721202
1579,zero,4,0.8681135225375626
1580,advanced,4,0.8684474123539232
1581,shoulder,4,0.8687813021702838
1582,will,4,0.8691151919866444
1583,available,4,0.8694490818030051
1584,author,4,0.8697829716193656
1585,austria,4,0.8701168614357262
1586,audiology,4,0.8704507512520868
1587,audiologist,4,0.8707846410684474
1588,babysitter,4,0.8711185308848081
1589,b,4,0.8714524207011686
1590,aware,4,0.8717863105175292
1591,battle,4,0.8721202003338898
1592,basic,4,0.8724540901502504
1593,wheelchair,4,0.8727879799666111
1594,skate,4,0.8731218697829716
1595,responsible,4,0.8734557595993322
1596,rescue,4,0.8737896494156928
1597,request,4,0.8741235392320534
1598,reply,4,0.8744574290484141
1599,roar,4,0.8747913188647746
1600,road,4,0.8751252086811352
1601,ridiculous,4,0.8754590984974958
1602,retreat,4,0.8757929883138564
1603,ruin,4,0.8761268781302171
1604,rope,4,0.8764607679465777
1605,roof,4,0.8767946577629382
1606,robot,4,0.8771285475792988
1607,purchase,4,0.8774624373956594
1608,sneeze,4,0.8777963272120201
1609,slice,4,0.8781302170283807
1610,rather,4,0.8784641068447412
1611,rage,4,0.8787979966611018
1612,r,4,0.8791318864774624
1613,recommend,4,0.879465776293823
1614,recliner,4,0.8797996661101837
1615,realize,4,0.8801335559265442
1616,real,4,0.8804674457429048
1617,relax,4,0.8808013355592654
1618,regular,4,0.881135225375626
1619,skip,4,0.8814691151919867
1620,skill,4,0.8818030050083473
1621,solve,4,0.8821368948247078
1622,soldier,4,0.8824707846410684
1623,sofa,4,0.882804674457429
1624,progress,4,0.8831385642737897
1625,profit,4,0.8834724540901503
1626,process,4,0.8838063439065108
1627,priority,4,0.8841402337228714
1628,prostitute,4,0.884474123539232
1629,proper,4,0.8848080133555927
1630,promote,4,0.8851419031719533
1631,quarrel,4,0.8854757929883138
1632,q,4,0.8858096828046744
1633,pursue,4,0.886143572621035
1634,pure,4,0.8864774624373957
1635,personality,4,0.8868113522537563
1636,player,4,0.8871452420701169
1637,pilot,4,0.8874791318864774
1638,piece,4,0.887813021702838
1639,position,4,0.8881469115191987
1640,popcorn,4,0.8884808013355593
1641,precise,4,0.8888146911519199
1642,poverty,4,0.8891485809682804
1643,something,4,0.889482470784641
1644,whatever,4,0.8898163606010017
1645,weekly,4,0.8901502504173623
1646,binoculars,4,0.8904841402337229
1647,bike,4,0.8908180300500834
1648,bible,4,0.891151919866444
1649,boast,4,0.8914858096828047
1650,bookstore,4,0.8918196994991653
1651,bone,4,0.8921535893155259
1652,boil,4,0.8924874791318865
1653,breeze,4,0.892821368948247
1654,breakdown,4,0.8931552587646077
1655,brain,4,0.8934891485809683
1656,spit,4,0.8938230383973289
1657,spill,4,0.8941569282136895
1658,peace,4,0.89449081803005
1659,pay attention,4,0.8948247078464107
1660,part,4,0.8951585976627713
1661,parachute,4,0.8954924874791319
1662,permit,4,0.8958263772954925
1663,percent,4,0.896160267111853
1664,penalty,4,0.8964941569282137
1665,peel,4,0.8968280467445743
1666,somewhere,4,0.8971619365609349
1667,pickle,4,0.8974958263772955
1668,philadelphia,4,0.8978297161936561
1669,start,4,0.8981636060100167
1670,squeeze,4,0.8984974958263773
1671,nun,4,0.8988313856427379
1672,not yet,4,0.8991652754590985
1673,northwest,4,0.8994991652754591
1674,odd,4,0.8998330550918197
1675,objective,4,0.9001669449081803
1676,o,4,0.9005008347245409
1677,oral,4,0.9008347245409015
1678,p,4,0.9011686143572621
1679,our,4,0.9015025041736227
1680,spread,4,0.9018363939899833
1681,spoon,4,0.9021702838063439
1682,stir,4,0.9025041736227045
1683,mosquito,4,0.9028380634390651
1684,moose,4,0.9031719532554258
1685,monthly,4,0.9035058430717863
1686,murder,4,0.9038397328881469
1687,necessary,4,0.9041736227045075
1688,narrow,4,0.9045075125208681
1689,n,4,0.9048414023372288
1690,nickel,4,0.9051752921535893
1691,newspaper,4,0.9055091819699499
1692,new york,4,0.9058430717863105
1693,statistics,4,0.9061769616026711
1694,braid,4,0.9065108514190318
1695,bra,4,0.9068447412353923
1696,boxing,4,0.9071786310517529
1697,burp,4,0.9075125208681135
1698,bug,4,0.9078464106844741
1699,brochure,4,0.9081803005008348
1700,bridge,4,0.9085141903171954
1701,cabbage,4,0.9088480801335559
1702,canoe,4,0.9091819699499165
1703,camel,4,0.9095158597662771
1704,caterpillar,4,0.9098497495826378
1705,cards,4,0.9101836393989984
1706,stuck,4,0.9105175292153589
1707,stretch,4,0.9108514190317195
1708,me,4,0.9111853088480801
1709,mature,4,0.9115191986644408
1710,metal,4,0.9118530884808014
1711,melt,4,0.9121869782971619
1712,misunderstand,4,0.9125208681135225
1713,mistake,4,0.9128547579298831
1714,minus,4,0.9131886477462438
1715,mine,4,0.9135225375626044
1716,midnight,4,0.9138564273789649
1717,microscope,4,0.9141903171953255
1718,stitch,4,0.9145242070116861
1719,superman,4,0.9148580968280468
1720,sunrise,4,0.9151919866444074
1721,librarian,4,0.915525876460768
1722,let,4,0.9158597662771285
1723,legal,4,0.9161936560934891
1724,local,4,0.9165275459098498
1725,lipstick,4,0.9168614357262104
1726,lip,4,0.917195325542571
1727,m,4,0.9175292153589315
1728,lord,4,0.9178631051752921
1729,sue,4,0.9181969949916527
1730,journey,4,0.9185308848080134
1731,t,4,0.918864774624374
1732,sympathy,4,0.9191986644407345
1733,swing,4,0.9195325542570951
1734,swim,4,0.9198664440734557
1735,sweep,4,0.9202003338898164
1736,sweden,4,0.920534223706177
1737,suspend,4,0.9208681135225376
1738,kneel,4,0.9212020033388981
1739,laundry,4,0.9215358931552587
1740,surrender,4,0.9218697829716194
1741,suppose,4,0.92220367278798
1742,w,4,0.9225375626043406
1743,china,4,0.9228714524207011
1744,cheerleader,4,0.9232053422370617
1745,christ,4,0.9235392320534224
1746,choke,4,0.923873121869783
1747,click,4,0.9242070116861436
1748,commit,4,0.9245409015025041
1749,comma,4,0.9248747913188647
1750,collect,4,0.9252086811352254
1751,congratulations,4,0.925542570951586
1752,concept,4,0.9258764607679466
1753,compete,4,0.9262103505843072
1754,company,4,0.9265442404006677
1755,vlog,4,0.9268781302170284
1756,ill,4,0.927212020033389
1757,i,4,0.9275459098497496
1758,innocent,4,0.9278797996661102
1759,individual,4,0.9282136894824707
1760,india,4,0.9285475792988314
1761,include,4,0.928881469115192
1762,intersection,4,0.9292153589315526
1763,interpret,4,0.9295492487479132
1764,j,4,0.9298831385642737
1765,iron,4,0.9302170283806344
1766,ireland,4,0.930550918196995
1767,karate,4,0.9308848080133556
1768,k,4,0.9312186978297162
1769,july,4,0.9315525876460768
1770,teeth,4,0.9318864774624374
1771,hate,4,0.932220367278798
1772,hanukkah,4,0.9325542570951586
1773,hello,4,0.9328881469115192
1774,hop,4,0.9332220367278798
1775,his,4,0.9335559265442404
1776,high school,4,0.933889816360601
1777,human,4,0.9342237061769616
1778,horse,4,0.9345575959933222
1779,talent,4,0.9348914858096828
1780,take up,4,0.9352253756260434
1781,gift,4,0.935559265442404
1782,generation,4,0.9358931552587646
1783,gay,4,0.9362270450751252
1784,gasoline,4,0.9365609348914858
1785,gold,4,0.9368948247078465
1786,grandma,4,0.937228714524207
1787,grab,4,0.9375626043405676
1788,habit,4,0.9378964941569282
1789,h,4,0.9382303839732888
1790,gymnastics,4,0.9385642737896495
1791,gun,4,0.93889816360601
1792,grow up,4,0.9392320534223706
1793,flood,4,0.9395659432387312
1794,flatter,4,0.9398998330550918
1795,fork,4,0.9402337228714525
1796,forbid,4,0.940567612687813
1797,freeway,4,0.9409015025041736
1798,free,4,0.9412353923205342
1799,gang,4,0.9415692821368948
1800,gallaudet,4,0.9419031719532555
1801,g,4,0.9422370617696161
1802,theater,4,0.9425709515859766
1803,that,4,0.9429048414023372
1804,than,4,0.9432387312186978
1805,vice president,4,0.9435726210350585
1806,verb,4,0.9439065108514191
1807,valley,4,0.9442404006677796
1808,vague,4,0.9445742904841402
1809,convert,4,0.9449081803005008
1810,contest,4,0.9452420701168615
1811,consume,4,0.9455759599332221
1812,consider,4,0.9459098497495826
1813,conquer,4,0.9462437395659432
1814,counselor,4,0.9465776293823038
1815,vacant,4,0.9469115191986645
1816,v,4,0.9472454090150251
1817,f,4,0.9475792988313857
1818,eyeglasses,4,0.9479131886477462
1819,express,4,0.9482470784641068
1820,explode,4,0.9485809682804675
1821,expand,4,0.9489148580968281
1822,exhibit,4,0.9492487479131887
1823,farmer,4,0.9495826377295492
1824,fairy,4,0.9499165275459098
1825,finance,4,0.9502504173622704
1826,festival,4,0.9505843071786311
1827,federal,4,0.9509181969949917
1828,february,4,0.9512520868113522
1829,this,4,0.9515859766277128
1830,florida,4,0.9519198664440734
1831,torture,4,0.9522537562604341
1832,tolerate,4,0.9525876460767947
1833,toilet paper,4,0.9529215358931553
1834,effort,4,0.9532554257095158
1835,engagement,4,0.9535893155258764
1836,emergency,4,0.9539232053422371
1837,elementary,4,0.9542570951585977
1838,envelope,4,0.9545909849749583
1839,everything,4,0.9549248747913188
1840,everyday,4,0.9552587646076794
1841,evening,4,0.9555926544240401
1842,tobacco,4,0.9559265442404007
1843,tiptoe,4,0.9562604340567613
1844,transform,4,0.9565943238731218
1845,division,4,0.9569282136894824
1846,dismiss,4,0.9572621035058431
1847,disgusted,4,0.9575959933222037
1848,discount,4,0.9579298831385643
1849,dizzy,4,0.9582637729549248
1850,drug,4,0.9585976627712854
1851,downstairs,4,0.9589315525876461
1852,each,4,0.9592654424040067
1853,e,4,0.9595993322203673
1854,dye,4,0.9599332220367279
1855,dvd,4,0.9602671118530884
1856,dumb,4,0.9606010016694491
1857,debt,4,0.9609348914858097
1858,debate,4,0.9612687813021703
1859,dawn,4,0.9616026711185309
1860,department,4,0.9619365609348914
1861,democrat,4,0.9622704507512521
1862,deliver,4,0.9626043405676127
1863,defeat,4,0.9629382303839733
1864,determine,4,0.9632721202003339
1865,detach,4,0.9636060100166944
1866,descend,4,0.9639398998330551
1867,director,4,0.9642737896494157
1868,difficult,4,0.9646076794657763
1869,die,4,0.9649415692821369
1870,dice,4,0.9652754590984975
1871,crush,4,0.9656093489148581
1872,cruel,4,0.9659432387312187
1873,crown,4,0.9662771285475793
1874,crocodile,4,0.9666110183639399
1875,create,4,0.9669449081803005
1876,court,4,0.967278797996661
1877,dancer,4,0.9676126878130217
1878,damage,4,0.9679465776293823
1879,d,4,0.9682804674457429
1880,customer,4,0.9686143572621035
1881,culture,4,0.968948247078464
1882,u,4,0.9692821368948247
1883,turn,4,0.9696160267111853
1884,adjust,4,0.9699499165275459
1885,adjective,4,0.9702838063439065
1886,address,4,0.9706176961602672
1887,alcohol,4,0.9709515859766277
1888,ahead,4,0.9712854757929883
1889,agenda,4,0.9716193656093489
1890,anatomy,4,0.9719532554257095
1891,alphabet,4,0.9722871452420702
1892,anyway,4,0.9726210350584307
1893,annoy,4,0.9729549248747913
1894,arizona,4,0.9732888146911519
1895,attorney,4,0.9736227045075125
1896,assume,4,0.9739565943238732
1897,asl,4,0.9742904841402337
1898,article,4,0.9746243739565943
1899,wish,4,0.9749582637729549
1900,singer,4,0.9752921535893155
1901,sin,4,0.9756260434056762
1902,sausage,4,0.9759599332220368
1903,sauce,4,0.9762938230383973
1904,salute,4,0.9766277128547579
1905,s,4,0.9769616026711185
1906,scold,4,0.9772954924874792
1907,shave,4,0.9776293823038398
1908,sew,4,0.9779632721202003
1909,several,4,0.9782971619365609
1910,settle,4,0.9786310517529215
1911,shovel,3,0.978881469115192
1912,seldom,3,0.9791318864774624
1913,saw,3,0.9793823038397329
1914,scan,3,0.9796327212020033
1915,scream,3,0.9798831385642738
1916,cuba,3,0.9801335559265443
1917,devil,3,0.9803839732888147
1918,detective,3,0.9806343906510852
1919,dragon,3,0.9808848080133556
1920,drag,3,0.981135225375626
1921,upstairs,3,0.9813856427378965
1922,cooperate,3,0.9816360601001669
1923,tower,3,0.9818864774624374
1924,excuse,3,0.9821368948247079
1925,else,3,0.9823873121869783
1926,either,3,0.9826377295492488
1927,therefore,3,0.9828881469115192
1928,familiar,3,0.9831385642737897
1929,furniture,3,0.9833889816360601
1930,garage,3,0.9836393989983305
1931,contract,3,0.983889816360601
1932,value,3,0.9841402337228714
1933,fingerspell,3,0.9843906510851419
1934,fire,3,0.9846410684474124
1935,texas,3,0.9848914858096828
1936,haircut,3,0.9851419031719533
1937,preacher,3,0.9853923205342237
1938,psychologist,3,0.9856427378964941
1939,hippopotamus,3,0.9858931552587646
1940,hill,3,0.986143572621035
1941,hang up,3,0.9863939899833055
1942,tempt,3,0.986644407345576
1943,kangaroo,3,0.9868948247078464
1944,tend,3,0.9871452420701169
1945,chicago,3,0.9873956594323873
1946,surgeon,3,0.9876460767946578
1947,international,3,0.9878964941569283
1948,concentrate,3,0.9881469115191986
1949,league,3,0.9883973288814691
1950,knock,3,0.9886477462437395
1951,look for,3,0.98889816360601
1952,little bit,3,0.9891485809682805
1953,negotiate,3,0.9893989983305509
1954,mock,3,0.9896494156928214
1955,license,3,0.9898998330550918
1956,loan,3,0.9901502504173623
1957,military,3,0.9904006677796328
1958,captain,3,0.9906510851419031
1959,waiter,3,0.9909015025041736
1960,mention,3,0.991151919866444
1961,bribe,3,0.9914023372287145
1962,parents,3,0.991652754590985
1963,penny,3,0.9919031719532554
1964,pear,3,0.9921535893155259
1965,occur,3,0.9924040066777964
1966,or,3,0.9926544240400668
1967,olympics,3,0.9929048414023373
1968,sting,3,0.9931552587646076
1969,whistle,3,0.9934056761268781
1970,shout,3,0.9936560934891486
1971,report,3,0.993906510851419
1972,resist,3,0.9941569282136895
1973,award,3,0.9944073455759599
1974,battery,3,0.9946577629382304
1975,bank,3,0.9949081803005009
1976,restroom,3,0.9951585976627713
1977,bookshelf,3,0.9954090150250418
1978,boots,3,0.9956594323873121
1979,weigh,3,0.9959098497495826
1980,someone,3,0.9961602671118531
1981,prefer,3,0.9964106844741235
1982,preschool,3,0.996661101836394
1983,prince,3,0.9969115191986644
1984,princess,3,0.9971619365609349
1985,shopping,3,0.9974123539232054
1986,wrench,3,0.9976627712854758
1987,tv,2,0.9978297161936561
1988,curtain,2,0.9979966611018364
1989,lamp,2,0.9981636060100167
1990,look at,2,0.998330550918197
1991,grey,2,0.9984974958263773
1992,gloves,2,0.9986644407345576
1993,wash face,2,0.9988313856427379
1994,stepfather,2,0.9989983305509182
1995,careless,2,0.9991652754590985
1996,meaning,2,0.9993322203672788
1997,ski,2,0.9994991652754591
1998,smoking,2,0.9996661101836394
1999,post,2,0.9998330550918197
2000,propaganda,2,1.0
